{"cameraMode":{"drawMode":0,"name":"Shaded","section":"Shading Mode"},"sceneLighting":true,"audioPlay":false,"sceneViewState":{"showFog":false,"showMaterialUpdate":false,"showSkybox":false,"showFlares":false,"showImageEffects":false,"showParticleSystems":false},"in2DMode":false,"pivot":{"x":0.4860539436340332,"y":1.3376121520996094,"z":-1.2163777351379395},"rotation":{"x":-0.07504142820835114,"y":0.9193575382232666,"z":-0.21507687866687776,"w":-0.32076847553253176},"size":8.556304931640625,"orthographic":false}