{"cameraMode":{"drawMode":0,"name":"Shaded","section":"Shading Mode"},"sceneLighting":true,"audioPlay":false,"sceneViewState":{"showFog":false,"showMaterialUpdate":false,"showSkybox":false,"showFlares":false,"showImageEffects":false,"showParticleSystems":false},"in2DMode":false,"pivot":{"x":7.88627815246582,"y":9.092857360839844,"z":-7.220985412597656},"rotation":{"x":0.6828807592391968,"y":0.28168970346450808,"z":-0.326084166765213,"w":0.589914858341217},"size":16.86464500427246,"orthographic":false}